28,CATALUÑA,CAMÍ ASFALTAT,CARRETERA CORTADA EN ESTE SENTIDO,2021/01/21 12:33:00,\"\",GI,NEGRO,0.0,0.0,\"\",GIRONA,GI101158201,AMBOS SENTIDOS,CONO,2,2,0.0,id-incidencia-1.28,incidencia,\"\",\"\",0.0,0.0,0.0,2021/02/05 14:30:00
29,CATALUÑA,CAMÍ ASFALTAT,CARRETERA CORTADA EN ESTE SENTIDO,2021/01/28 09:54:00,\"\",GI,NEGRO,0.0,0.0,\"\",GIRONA,GI101158200,AMBOS SENTIDOS,CONO,2,4,0.0,id-incidencia-1.29,incidencia,\"\",\"\",0.0,0.0,0.0,2021/02/05 14:30:00
30,CATALUÑA,CAMÍ ASFALTAT,OTROS,2021/01/21 12:33:00,\"\",GI,NEGRO,0.0,0.0,\"\",GIRONA,GI101159193,AMBOS SENTIDOS,CONO,2,2,0.0,id-incidencia-1.30,incidencia,\"\",\"\",0.0,0.0,0.0,2021/02/05 14:30:00
31,CATALUÑA,CAMÍ ASFALTAT,CARRETERA CORTADA EN ESTE SENTIDO,2021/01/15 19:31:00,\"\",GI,NEGRO,0.0,0.0,\"\",GIRONA,GI101158199,AMBOS SENTIDOS,CONO,2,1,0.0,id-incidencia-1.31,incidencia,\"\",\"\",0.0,0.0,0.0,2021/02/05 14:30:00
32,CATALUÑA,CAMÍ ASFALTAT,OTROS,2021/01/28 09:54:00,\"\",GI,NEGRO,0.0,0.0,\"\",GIRONA,GI101159192,AMBOS SENTIDOS,CONO,2,4,0.0,id-incidencia-1.32,incidencia,\"\",\"\",0.0,0.0,0.0,2021/02/05 14:30:00
33,CATALUÑA,CAMÍ ASFALTAT,OTROS,2021/01/15 19:31:00,\"\",GI,NEGRO,0.0,0.0,\"\",GIRONA,GI101159191,AMBOS SENTIDOS,CONO,2,1,0.0,id-incidencia-1.33,incidencia,\"\",\"\",0.0,0.0,0.0,2021/02/05 14:30:00
34,CATALUÑA,GI-503,OTROS,2021/01/21 12:40:00,\"\",GI,NEGRO,25.0,18.0,MAÇANET DE CABRENYS,GIRONA,GI101158193,AMBOS SENTIDOS,CONO,0,2,42.3801697,id-incidencia-1.34,incidencia,\"\",\"\",2.701933,2.701933,42.3801697,2021/02/05 14:30:00
35,CATALUÑA,GI-503,CARRETERA CORTADA EN ESTE SENTIDO,2021/01/21 12:40:00,\"\",GI,NEGRO,25.0,18.0,MAÇANET DE CABRENYS,GIRONA,GI101159187,AMBOS SENTIDOS,CONO,0,2,42.3801697,id-incidencia-1.35,incidencia,\"\",\"\",2.701933,2.701933,42.3801697,2021/02/05 14:30:00
36,CATALUÑA,GI-505,CARRETERA CORTADA EN ESTE SENTIDO,2021/01/15 19:07:00,\"\",GI,NEGRO,3.0,0.0,VAJOL (LA),GIRONA,GI101158192,AMBOS SENTIDOS,CONO,0,2,42.40466,id-incidencia-1.36,incidencia,\"\",\"\",2.80112,2.80112,42.40466,2021/02/05 14:30:00
37,CATALUÑA,GI-505,OTROS,2021/01/15 19:07:00,\"\",GI,NEGRO,3.0,0.0,VAJOL (LA),GIRONA,GI101159186,AMBOS SENTIDOS,CONO,0,2,42.40466,id-incidencia-1.37,incidencia,\"\",\"\",2.80112,2.80112,42.40466,2021/02/05 14:30:00
47,CATALUÑA,N-141,CARRETERA CORTADA EN ESTE SENTIDO,2021/01/08 09:48:00,\"\",L,NEGRO,8.4,8.0,BOSSOST,LLEIDA,OL101068027,AMBOS SENTIDOS,CONO,0,3,42.767274,id-incidencia-1.47,incidencia,\"\",\"\",0.659323,0.659323,42.767274,2021/02/05 14:30:00
48,CATALUÑA,N-141,OTROS,2021/01/08 09:48:00,\"\",L,NEGRO,8.4,8.0,BOSSOST,LLEIDA,OL101069034,AMBOS SENTIDOS,CONO,0,3,42.767274,id-incidencia-1.48,incidencia,\"\",\"\",0.659323,0.659323,42.767274,2021/02/05 14:30:00
88,CATALUÑA,BP-1121,TRABAJOS DE MANTENIMIENTO,2021/02/01 09:54:00,\"\",B,VERDE,1.2,1.1,BAUMA,BARCELONA,OB010208205,AMBOS SENTIDOS,OBRAS,0,17,41.6271614,id-incidencia-1.88,incidencia,\"\",\"\",1.8676063,1.8676063,41.6271614,2021/02/05 14:30:00
89,CATALUÑA,BV-1243,OBRAS EN GENERAL,2021/02/01 09:55:00,\"\",B,VERDE,0.7,0.0,CALDES DE MONTBUI,BARCELONA,OB101258125,AMBOS SENTIDOS,OBRAS,0,2,41.64204,id-incidencia-1.89,incidencia,\"\",\"\",2.16006,2.16006,41.64204,2021/02/05 14:30:00
90,CATALUÑA,C-59,TRABAJOS DE MANTENIMIENTO,2021/02/01 12:04:00,\"\",B,VERDE,9.1,8.9,CAN FALGUERA-TURONS (ELS),BARCELONA,OB102019207,AMBOS SENTIDOS,OBRAS,0,1,41.5946622,id-incidencia-1.90,incidencia,\"\",\"\",2.184434,2.184434,41.5946622,2021/02/05 14:30:00
91,CATALUÑA,C-35,TRABAJOS DE MANTENIMIENTO,2021/02/01 11:53:00,\"\",B,VERDE,28.5,28.3,CAN PEPET,BARCELONA,OB102018215,AMBOS SENTIDOS,OBRAS,0,1,41.56951,id-incidencia-1.91,incidencia,\"\",\"\",2.24475,2.24475,41.56951,2021/02/05 14:30:00
92,CATALUÑA,C-17,REASFALTADO,2021/02/01 12:22:00,\"\",B,VERDE,32.5,24.0,CAN QUANA,BARCELONA,OB102018225,AMBOS SENTIDOS,OBRAS,0,1,41.6387437,id-incidencia-1.92,incidencia,\"\",\"\",2.2670958,2.2670958,41.6387437,2021/02/05 14:30:00
93,CATALUÑA,C-15,TRABAJOS DE MANTENIMIENTO,2021/02/01 10:31:00,VILANOVA I LA GELTRÚ,B,VERDE,3.0,6.0,CANYELLES,BARCELONA,OB102019190,SUR,OBRAS,0,1,41.2780682,id-incidencia-1.93,incidencia,\"\",\"\",1.7302843,1.7302843,41.2780682,2021/02/05 14:30:00
94,CATALUÑA,C-245,TRABAJOS DE MANTENIMIENTO,2021/02/03 10:10:00,\"\",B,VERDE,13.0,0.0,CASTELLDEFELS,BARCELONA,OB010109026,AMBOS SENTIDOS,OBRAS,0,4,41.270668,id-incidencia-1.94,incidencia,\"\",\"\",1.96774,1.96774,41.270668,2021/02/05 14:30:00
95,CATALUÑA,C-32,OBRAS EN GENERAL,2021/02/05 09:46:00,SITGES,B,VERDE,44.0,45.0,CASTELLDEFELS,BARCELONA,OB102058156,SUR,OBRAS,0,1,41.2710032,id-incidencia-1.95,incidencia,\"\",\"\",1.9693485,1.9693485,41.2710032,2021/02/05 14:30:00
96,CATALUÑA,B-20,\"\",2019/10/31 18:35:00,TARRAGONA-HORARI: 22 A 6 H,B,NEGRO,3.0,2.5,CORNELLÀ DE LLOBREGAT,BARCELONA,OB906170137,SUR,OBRAS,0,32,41.34259,id-incidencia-1.96,incidencia,\"\",\"\",2.09063,2.09063,41.34259,2021/02/05 14:30:00
97,CATALUÑA,C-31,TRABAJOS DE MANTENIMIENTO,2021/02/02 22:09:00,BARCELONA,B,VERDE,192.2,192.5,\"\",BARCELONA,OB102039163,NORTE,OBRAS,0,1,41.32343,id-incidencia-1.97,incidencia,\"\",\"\",2.07288,2.07288,41.32343,2021/02/05 14:30:00
98,CATALUÑA,C-31,TRABAJOS DE MANTENIMIENTO,2021/02/01 12:24:00,\"\",B,VERDE,197.3,192.5,\"\",BARCELONA,OB102019211,AMBOS SENTIDOS,OBRAS,0,1,41.32343,id-incidencia-1.98,incidencia,\"\",\"\",2.07288,2.07288,41.32343,2021/02/05 14:30:00
99,CATALUÑA,C-31,TRABAJOS DE MANTENIMIENTO,2021/02/01 12:31:00,CASTELLDEFELS,B,VERDE,192.5,192.2,\"\",BARCELONA,OB102018227,SUR,OBRAS,0,1,41.32343,id-incidencia-1.99,incidencia,\"\",\"\",2.07288,2.07288,41.32343,2021/02/05 14:30:00
100,CATALUÑA,BV-5101,TRABAJOS DE MANTENIMIENTO,2021/02/01 09:57:00,\"\",B,VERDE,4.4,0.9,DOSRIUS,BARCELONA,OB101118107,AMBOS SENTIDOS,OBRAS,0,2,41.59681,id-incidencia-1.100,incidencia,\"\",\"\",2.4378762,2.4378762,41.59681,2021/02/05 14:30:00
101,CATALUÑA,BV-5122,OBRAS EN GENERAL,2021/02/01 09:58:00,\"\",B,VERDE,6.2,4.2,FOGARS DE LA SELVA,BARCELONA,OB012158133,AMBOS SENTIDOS,OBRAS,0,2,41.7173966,id-incidencia-1.101,incidencia,\"\",\"\",2.678158,2.678158,41.7173966,2021/02/05 14:30:00
102,CATALUÑA,C-59,REASFALTADO,2021/02/01 17:33:00,\"\",B,VERDE,14.2,4.9,GALLECS,BARCELONA,OB102018220,AMBOS SENTIDOS,OBRAS,0,2,41.5594096,id-incidencia-1.102,incidencia,\"\",\"\",2.186232,2.186232,41.5594096,2021/02/05 14:30:00
103,CATALUÑA,BV-2429,OBRAS EN GENERAL,2020/11/16 10:34:00,\"\",B,VERDE,21.2,21.1,LAVERN,BARCELONA,OB011169264,AMBOS SENTIDOS,OBRAS,0,1,41.3957615,id-incidencia-1.103,incidencia,\"\",\"\",1.7687295,1.7687295,41.3957615,2021/02/05 14:30:00
104,CATALUÑA,C-243C,TRABAJOS DE MANTENIMIENTO,2021/02/01 10:09:00,TERRASSA,B,VERDE,12.8,0.0,MARTORELL,BARCELONA,OB911069284,AMBOS SENTIDOS,OBRAS,0,9,41.47247,id-incidencia-1.104,incidencia,\"\",\"\",1.93853,1.93853,41.47247,2021/02/05 14:30:00
105,CATALUÑA,C-17,REASFALTADO,2021/02/01 12:10:00,\"\",B,VERDE,10.5,10.0,MOLLET DEL VALLES,BARCELONA,OB102018223,AMBOS SENTIDOS,OBRAS,0,1,41.527211,id-incidencia-1.105,incidencia,\"\",\"\",2.2108401,2.2108401,41.527211,2021/02/05 14:30:00
106,CATALUÑA,C-17Z,TRABAJOS DE MANTENIMIENTO,2021/02/03 19:52:00,\"\",B,NEGRO,85.0,84.7,MONTESQUIU,BARCELONA,OB001279259,AMBOS SENTIDOS,OBRAS,0,27,42.1223118,id-incidencia-1.106,incidencia,\"\",\"\",2.2041772,2.2041772,42.1223118,2021/02/05 14:30:00
107,CATALUÑA,N-II,OBRAS EN GENERAL,2021/02/01 11:57:00,\"\",B,VERDE,656.8,631.8,MONTGAT,BARCELONA,OB102018218,AMBOS SENTIDOS,OBRAS,0,1,41.47189,id-incidencia-1.107,incidencia,\"\",\"\",2.29279,2.29279,41.47189,2021/02/05 14:30:00
108,CATALUÑA,N-II,OBRAS EN GENERAL,2021/01/25 09:15:00,\"\",B,VERDE,531.0,531.4,MONTMANEU,BARCELONA,OB101258112,AMBOS SENTIDOS,OBRAS,0,1,41.6220292,id-incidencia-1.108,incidencia,\"\",\"\",1.3882935,1.3882935,41.6220292,2021/02/05 14:30:00
109,CATALUÑA,BV-5301,TRABAJOS DE MANTENIMIENTO,2021/02/05 08:02:00,\"\",B,VERDE,26.0,20.0,MONTSENY,BARCELONA,OB102058061,AMBOS SENTIDOS,OBRAS,0,1,41.7785912,id-incidencia-1.109,incidencia,\"\",\"\",2.3978672,2.3978672,41.7785912,2021/02/05 14:30:00
110,CATALUÑA,C-17,TRABAJOS DE MANTENIMIENTO,2021/01/25 20:17:00,CANOVELLES,B,VERDE,18.7,14.7,POLIGON INDUSTRIAL Z,BARCELONA,OB101118173,AMBOS SENTIDOS,OBRAS,0,2,41.55957,id-incidencia-1.110,incidencia,\"\",\"\",2.23948,2.23948,41.55957,2021/02/05 14:30:00
111,CATALUÑA,B-400,OBRAS EN GENERAL,2019/11/01 18:43:00,\"\",B,VERDE,17.5,17.0,SALDES,BARCELONA,OB901070068,AMBOS SENTIDOS,OBRAS,0,22,42.2228062,id-incidencia-1.111,incidencia,\"\",\"\",1.7259923,1.7259923,42.2228062,2021/02/05 14:30:00
112,CATALUÑA,B-430,TRABAJOS DE MANTENIMIENTO,2020/08/29 16:47:00,\"\",B,NEGRO,1.0,0.0,SALLENT,BARCELONA,OB006099276,AMBOS SENTIDOS,OBRAS,0,3,41.80514,id-incidencia-1.112,incidencia,\"\",\"\",1.89831,1.89831,41.80514,2021/02/05 14:30:00
113,CATALUÑA,C-31,OBRAS EN GENERAL,2021/02/01 11:54:00,MATARO,B,VERDE,209.2,209.0,SANT ADRIA DE BESOS,BARCELONA,OB102019202,NORTE,OBRAS,0,1,41.4240426,id-incidencia-1.113,incidencia,\"\",\"\",2.2154512,2.2154512,41.4240426,2021/02/05 14:30:00
114,CATALUÑA,BV-2002,TRABAJOS DE MANTENIMIENTO,2021/02/01 09:57:00,\"\",B,VERDE,7.0,6.5,SANT BOI DE LLOBREGAT,BARCELONA,OB005239023,AMBOS SENTIDOS,OBRAS,0,15,41.3508689,id-incidencia-1.114,incidencia,\"\",\"\",2.039605,2.039605,41.3508689,2021/02/05 14:30:00
115,CATALUÑA,A-2,TRABAJOS DE MANTENIMIENTO,2021/02/01 11:43:00,\"\",B,VERDE,609.0,606.5,SANT FELIU DE LLOBREGAT,BARCELONA,OB011229036,AMBOS SENTIDOS,OBRAS,0,7,41.3561929,id-incidencia-1.115,incidencia,\"\",\"\",2.052245,2.052245,41.3561929,2021/02/05 14:30:00
116,CATALUÑA,BV-1468,TRABAJOS DE MANTENIMIENTO,2021/02/01 09:56:00,\"\",B,VERDE,12.2,6.3,SANT JUST DESVERN,BARCELONA,OB010118006,AMBOS SENTIDOS,OBRAS,0,2,41.4184579,id-incidencia-1.116,incidencia,\"\",\"\",2.060766,2.060766,41.4184579,2021/02/05 14:30:00
117,CATALUÑA,C-15,TRABAJOS DE MANTENIMIENTO,2021/02/01 10:29:00,VILANOVA I LA GELTRÚ,B,VERDE,35.0,30.0,SANT PERE DE RIUDEBITLLES,BARCELONA,OB102018196,SUR,OBRAS,0,1,41.4641945,id-incidencia-1.117,incidencia,\"\",\"\",1.6957748,1.6957748,41.4641945,2021/02/05 14:30:00
118,CATALUÑA,C-35,TRABAJOS DE MANTENIMIENTO,2021/02/01 11:57:00,\"\",B,VERDE,48.0,40.0,SANTA AGNES DE MALANYANES,BARCELONA,OB102018217,AMBOS SENTIDOS,OBRAS,0,4,41.6139763,id-incidencia-1.118,incidencia,\"\",\"\",2.3522624,2.3522624,41.6139763,2021/02/05 14:30:00
119,CATALUÑA,B-140,REASFALTADO,2021/02/01 11:50:00,MOLLET DEL VALLÈS,B,VERDE,6.4,6.7,SANTA PERPETUA DE MOGODA,BARCELONA,OB102018214,NORTE,OBRAS,0,1,41.5416315,id-incidencia-1.119,incidencia,\"\",\"\",2.1854754,2.1854754,41.5416315,2021/02/05 14:30:00
120,CATALUÑA,BV-5303,TRABAJOS DE MANTENIMIENTO,2021/02/01 09:58:00,\"\",B,VERDE,4.4,3.7,SEVA,BARCELONA,OB101128148,AMBOS SENTIDOS,OBRAS,0,2,41.84613,id-incidencia-1.120,incidencia,\"\",\"\",2.23337,2.23337,41.84613,2021/02/05 14:30:00
121,CATALUÑA,C-16,TRABAJOS DE MANTENIMIENTO,2021/02/03 22:08:00,BARCELONA,B,VERDE,9.6,12.6,SOLA (EL),BARCELONA,OB102039243,SUR,OBRAS,0,2,41.486278,id-incidencia-1.121,incidencia,\"\",\"\",2.060782,2.060782,41.486278,2021/02/05 14:30:00
122,CATALUÑA,N-150,TRABAJOS DE MANTENIMIENTO,2020/08/14 10:03:00,\"\",B,VERDE,19.0,18.3,TERRASSA,BARCELONA,OB006228257,AMBOS SENTIDOS,OBRAS,0,2,41.5520693,id-incidencia-1.122,incidencia,\"\",\"\",2.0261138,2.0261138,41.5520693,2021/02/05 14:30:00
123,CATALUÑA,C-35,TRABAJOS DE MANTENIMIENTO,2021/02/01 12:00:00,\"\",B,VERDE,50.5,50.0,VALLGORGUINA,BARCELONA,OB102019206,AMBOS SENTIDOS,OBRAS,0,1,41.6553542,id-incidencia-1.123,incidencia,\"\",\"\",2.4468033,2.4468033,41.6553542,2021/02/05 14:30:00
124,CATALUÑA,C-35,TRABAJOS DE MANTENIMIENTO,2020/07/16 09:06:00,\"\",B,VERDE,58.0,50.3,VILALBA SASSERRA,BARCELONA,OB006098274,AMBOS SENTIDOS,OBRAS,0,3,41.6553542,id-incidencia-1.124,incidencia,\"\",\"\",2.4468033,2.4468033,41.6553542,2021/02/05 14:30:00
125,CATALUÑA,N-141D,TRABAJOS DE MANTENIMIENTO,2021/02/01 09:59:00,\"\",B,VERDE,18.7,15.1,VILANOVA DE SAU,BARCELONA,OB101138106,AMBOS SENTIDOS,OBRAS,0,2,41.948638,id-incidencia-1.125,incidencia,\"\",\"\",2.381552,2.381552,41.948638,2021/02/05 14:30:00
152,CATALUÑA,C-66,TRABAJOS DE MANTENIMIENTO,2021/02/01 10:25:00,TRAM  CORNELLÀ DEL TERRI - SERINYÀ,GI,VERDE,50.4,41.9,BORGONYA,GIRONA,GI101288243,AMBOS SENTIDOS,OBRAS,0,2,42.0952251,id-incidencia-1.152,incidencia,\"\",\"\",2.8006438,2.8006438,42.0952251,2021/02/05 14:30:00
153,CATALUÑA,A-26,TRABAJOS DE MANTENIMIENTO,2021/02/03 09:31:00,\"\",GI,VERDE,79.0,77.0,CASTELLFOLLIT DE LA ROCA,GIRONA,GI102028176,AMBOS SENTIDOS,OBRAS,0,5,42.2177788,id-incidencia-1.153,incidencia,\"\",\"\",2.5653871,2.5653871,42.2177788,2021/02/05 14:30:00
154,CATALUÑA,C-31,REASFALTADO,2021/01/31 17:32:00,\"\",GI,VERDE,5.0,2.0,\"\",GIRONA,GI101319031,AMBOS SENTIDOS,OBRAS,2,1,0.0,id-incidencia-1.154,incidencia,\"\",\"\",0.0,0.0,0.0,2021/02/05 14:30:00
155,CATALUÑA,C-35,TRABAJOS DE MANTENIMIENTO,2021/01/25 09:11:00,\"\",GI,VERDE,73.5,60.0,HOSTALRIC,GIRONA,GI101258107,AMBOS SENTIDOS,OBRAS,0,1,41.7210899,id-incidencia-1.155,incidencia,\"\",\"\",2.5546479,2.5546479,41.7210899,2021/02/05 14:30:00
156,CATALUÑA,GI-633,REASFALTADO,2021/02/03 17:22:00,SANT JORDI DESVALLS,GI,VERDE,6.3,0.0,MEDINYA,GIRONA,GI102038214,AMBOS SENTIDOS,OBRAS,0,1,42.05444,id-incidencia-1.156,incidencia,\"\",\"\",2.87728,2.87728,42.05444,2021/02/05 14:30:00
157,CATALUÑA,GI-623,OBRAS EN GENERAL,2021/01/25 09:11:00,\"\",GI,VERDE,20.0,0.0,ORRIOLS,GIRONA,GI101259116,AMBOS SENTIDOS,OBRAS,0,1,42.13049,id-incidencia-1.157,incidencia,\"\",\"\",2.90459,2.90459,42.13049,2021/02/05 14:30:00
158,CATALUÑA,GI-664,OBRAS EN GENERAL,2021/01/26 08:26:00,\"\",GI,VERDE,23.0,22.0,PUIGVENTOS,GIRONA,GI101268093,AMBOS SENTIDOS,OBRAS,0,2,41.9593468,id-incidencia-1.158,incidencia,\"\",\"\",3.0251647,3.0251647,41.9593468,2021/02/05 14:30:00
159,CATALUÑA,C-25,REASFALTADO,2021/01/24 17:45:00,LLEIDA,GI,VERDE,207.5,207.0,SANT HILARI SACALM,GIRONA,GI012249023,ESTE,OBRAS,0,4,41.8489748,id-incidencia-1.159,incidencia,\"\",\"\",2.4750854,2.4750854,41.8489748,2021/02/05 14:30:00
160,CATALUÑA,N-260,TRABAJOS DE MANTENIMIENTO,2021/02/03 14:02:00,\"\",GI,VERDE,106.8,106.8,SANT JOAN DE LES ABADESSES,GIRONA,GI101139126,AMBOS SENTIDOS,OBRAS,0,12,42.2351072,id-incidencia-1.160,incidencia,\"\",\"\",2.2821969,2.2821969,42.2351072,2021/02/05 14:30:00
161,CATALUÑA,GI-524,REASFALTADO,2021/01/21 16:07:00,BANYOLES,GI,VERDE,32.1,21.7,SANT MIQUEL DE CAMPMAJOR,GIRONA,GI101218195,AMBOS SENTIDOS,OBRAS,0,1,42.1305202,id-incidencia-1.161,incidencia,\"\",\"\",2.6669912,2.6669912,42.1305202,2021/02/05 14:30:00
162,CATALUÑA,C-66,OBRAS EN GENERAL,2021/01/29 09:07:00,\"\",GI,VERDE,55.8,50.4,USALL,GIRONA,GI101259126,AMBOS SENTIDOS,OBRAS,0,2,42.15595,id-incidencia-1.162,incidencia,\"\",\"\",2.74835,2.74835,42.15595,2021/02/05 14:30:00
163,CATALUÑA,GI-533,TRABAJOS DE MANTENIMIENTO,2021/02/01 11:32:00,\"\",GI,VERDE,2.8,2.0,VILABLAREIX,GIRONA,GI102019196,AMBOS SENTIDOS,OBRAS,0,1,41.9556327,id-incidencia-1.163,incidencia,\"\",\"\",2.7984255,2.7984255,41.9556327,2021/02/05 14:30:00
164,CATALUÑA,N-II,TRABAJOS DE MANTENIMIENTO,2021/02/03 09:30:00,\"\",GI,VERDE,734.5,734.0,VILADEMULS,GIRONA,GI102029182,AMBOS SENTIDOS,OBRAS,0,5,42.1101795,id-incidencia-1.164,incidencia,\"\",\"\",2.8998113,2.8998113,42.1101795,2021/02/05 14:30:00
182,CATALUÑA,C-13,TRABAJOS DE MANTENIMIENTO,2021/01/12 11:25:00,\"\",L,VERDE,45.7,45.5,CAMARASA,LLEIDA,OL012079041,AMBOS SENTIDOS,OBRAS,0,5,41.8941736,id-incidencia-1.182,incidencia,\"\",\"\",0.8788536,0.8788536,41.8941736,2021/02/05 14:30:00
183,CATALUÑA,C-13,TRABAJOS DE MANTENIMIENTO,2021/01/22 17:24:00,\"\",L,VERDE,47.2,46.4,CAMARASA,LLEIDA,OL101238001,AMBOS SENTIDOS,OBRAS,0,3,41.9010705,id-incidencia-1.183,incidencia,\"\",\"\",0.8842893,0.8842893,41.9010705,2021/02/05 14:30:00
184,CATALUÑA,C-462,REASFALTADO,2020/09/30 21:36:00,ALÀS I CERC,L,VERDE,83.1,68.8,\"\",LLEIDA,OL008309020,AMBOS SENTIDOS,OBRAS,0,2,42.2772083,id-incidencia-1.184,incidencia,\"\",\"\",1.5024114,1.5024114,42.2772083,2021/02/05 14:30:00
185,CATALUÑA,L-504,OBRAS EN GENERAL,2020/12/24 19:22:00,\"\",L,VERDE,18.6,18.6,LLADORRE,LLEIDA,OL012149263,AMBOS SENTIDOS,OBRAS,0,2,42.6399702,id-incidencia-1.185,incidencia,\"\",\"\",1.2521372,1.2521372,42.6399702,2021/02/05 14:30:00
186,CATALUÑA,C-14,TRABAJOS DE MANTENIMIENTO,2021/01/11 13:10:00,\"\",L,VERDE,169.0,162.5,ORGANYA,LLEIDA,OL010119011,AMBOS SENTIDOS,OBRAS,0,18,42.2115308,id-incidencia-1.186,incidencia,\"\",\"\",1.3295613,1.3295613,42.2115308,2021/02/05 14:30:00
187,CATALUÑA,C-14,\"\",2019/11/01 18:31:00,PAS ALTERNATIU MENTRE DURI L' OBRA I TALLS PUNTUALS DE CALÇADA,L,VERDE,166.5,163.2,ORGANYÀ,LLEIDA,OL901070006,AMBOS SENTIDOS,OBRAS,0,22,42.2194627,id-incidencia-1.187,incidencia,\"\",\"\",1.3326848,1.3326848,42.2194627,2021/02/05 14:30:00
288,CATALUÑA,TV-7048,OBRAS EN GENERAL,2020/07/03 09:47:00,SELVA DEL CAMP,T,VERDE,2.0,1.0,ALMOSTER,TARRAGONA,OT005149171,AMBOS SENTIDOS,OBRAS,0,5,41.1862674,id-incidencia-1.288,incidencia,\"\",\"\",1.1057797,1.1057797,41.1862674,2021/02/05 14:30:00
289,CATALUÑA,C-43,TRABAJOS DE MANTENIMIENTO,2020/06/09 13:19:00,GANDESA,T,VERDE,13.4,0.0,BENIFALLET,TARRAGONA,OT005288212,AMBOS SENTIDOS,OBRAS,0,2,40.98067,id-incidencia-1.289,incidencia,\"\",\"\",0.51698,0.51698,40.98067,2021/02/05 14:30:00
290,CATALUÑA,T-301,OBRAS EN GENERAL,2021/02/02 10:58:00,\"\",T,VERDE,24.0,21.1,BENIFALLET,TARRAGONA,OT101118251,AMBOS SENTIDOS,OBRAS,0,2,40.9525069,id-incidencia-1.290,incidencia,\"\",\"\",0.5030294,0.5030294,40.9525069,2021/02/05 14:30:00
291,CATALUÑA,T-362,TRABAJOS DE MANTENIMIENTO,2021/01/29 14:29:00,PRAT DE COMTE,T,VERDE,1.5,0.2,BOT,TARRAGONA,OT101258104,SUR,OBRAS,0,3,41.04866,id-incidencia-1.291,incidencia,\"\",\"\",0.37064,0.37064,41.04866,2021/02/05 14:30:00
292,CATALUÑA,TV-3301,REASFALTADO,2021/02/03 08:55:00,\"\",T,NEGRO,7.0,6.6,BOT,TARRAGONA,OT102038170,AMBOS SENTIDOS,OBRAS,0,1,40.9889751,id-incidencia-1.292,incidencia,\"\",\"\",0.3977545,0.3977545,40.9889751,2021/02/05 14:30:00
293,CATALUÑA,TV-3454,OBRAS EN GENERAL,2021/02/02 08:49:00,\"\",T,VERDE,15.0,15.5,DELTEBRE,TARRAGONA,OT102029184,AMBOS SENTIDOS,OBRAS,0,1,40.71105,id-incidencia-1.293,incidencia,\"\",\"\",0.75735,0.75735,40.71105,2021/02/05 14:30:00
294,CATALUÑA,T-3231,OBRAS EN GENERAL,2020/07/03 09:50:00,SELVA DEL CAMP,T,VERDE,3.1,0.0,\"\",TARRAGONA,OT005148171,AMBOS SENTIDOS,OBRAS,0,5,41.1981,id-incidencia-1.294,incidencia,\"\",\"\",1.11482,1.11482,41.1981,2021/02/05 14:30:00
295,CATALUÑA,T-2237,OBRAS EN GENERAL,2021/01/25 09:56:00,\"\",T,VERDE,0.8,0.0,\"\",TARRAGONA,OT101118254,AMBOS SENTIDOS,OBRAS,0,2,41.18358,id-incidencia-1.295,incidencia,\"\",\"\",0.58667,0.58667,41.18358,2021/02/05 14:30:00
296,CATALUÑA,TP-2125,OBRAS EN GENERAL,2021/02/01 15:11:00,SANT JAUME DELS DOMENYS,T,VERDE,8.2,3.0,PEDRERES (LES),TARRAGONA,OT102018247,AMBOS SENTIDOS,OBRAS,0,1,41.25139,id-incidencia-1.296,incidencia,\"\",\"\",1.5447422,1.5447422,41.25139,2021/02/05 14:30:00
297,CATALUÑA,TV-7501,SEÑALIZACION DE LA CALZADA,2021/02/02 11:00:00,\"\",T,VERDE,0.3,0.0,PERAFORT,TARRAGONA,OT102028185,AMBOS SENTIDOS,OBRAS,0,1,41.19315,id-incidencia-1.297,incidencia,\"\",\"\",1.24301,1.24301,41.19315,2021/02/05 14:30:00
298,CATALUÑA,TV-2441,OBRAS EN GENERAL,2021/01/18 13:18:00,\"\",T,VERDE,15.6,13.6,QUEROL,TARRAGONA,OT101189193,AMBOS SENTIDOS,OBRAS,0,1,41.396318,id-incidencia-1.298,incidencia,\"\",\"\",1.4560938,1.4560938,41.396318,2021/02/05 14:30:00
299,CATALUÑA,TV-3021,OBRAS EN GENERAL,2021/01/11 19:50:00,\"\",T,VERDE,0.5,0.0,RASQUERA,TARRAGONA,OT101119256,AMBOS SENTIDOS,OBRAS,0,1,41.00266,id-incidencia-1.299,incidencia,\"\",\"\",0.60053,0.60053,41.00266,2021/02/05 14:30:00
300,CATALUÑA,TV-3145,OBRAS EN GENERAL,2021/01/22 10:56:00,TRAM DE LA T-11 A LA CANONJA,T,NEGRO,1.4,1.4,REUS,TARRAGONA,OT101228144,SUR,OBRAS,0,1,41.1253362,id-incidencia-1.300,incidencia,\"\",\"\",1.1785834,1.1785834,41.1253362,2021/02/05 14:30:00
301,CATALUÑA,TV-3146,OBRAS EN GENERAL,2021/01/25 15:13:00,\"\",T,NEGRO,0.3,0.0,TARRAGONA,TARRAGONA,OT101258137,AMBOS SENTIDOS,OBRAS,0,2,41.10141,id-incidencia-1.301,incidencia,\"\",\"\",1.18978,1.18978,41.10141,2021/02/05 14:30:00
302,CATALUÑA,T-711,TRABAJOS DE MANTENIMIENTO,2021/02/02 10:58:00,\"\",T,VERDE,4.8,4.9,TORROJA DEL PRIORAT,TARRAGONA,OT102029191,AMBOS SENTIDOS,OBRAS,0,2,41.2127113,id-incidencia-1.302,incidencia,\"\",\"\",0.8121824,0.8121824,41.2127113,2021/02/05 14:30:00
303,CATALUÑA,C-12,TRABAJOS DE MANTENIMIENTO,2020/06/09 13:18:00,BENIFALLET,T,VERDE,40.8,19.0,TORTOSA,TARRAGONA,OT005289200,AMBOS SENTIDOS,OBRAS,0,2,40.8191708,id-incidencia-1.303,incidencia,\"\",\"\",0.5137306,0.5137306,40.8191708,2021/02/05 14:30:00
304,CATALUÑA,TV-2021,TRABAJOS DE MANTENIMIENTO,2021/01/14 10:40:00,LA NOU DE GAIÀ,T,VERDE,4.9,2.2,VESPELLA,TARRAGONA,OT101139171,AMBOS SENTIDOS,OBRAS,0,2,41.1962385,id-incidencia-1.304,incidencia,\"\",\"\",1.3631914,1.3631914,41.1962385,2021/02/05 14:30:00
305,CATALUÑA,TV-7223,OBRAS EN GENERAL,2021/01/11 19:54:00,\"\",T,VERDE,3.0,2.9,VILALLONGA DEL CAMP,TARRAGONA,OT101118255,AMBOS SENTIDOS,OBRAS,0,1,41.2129315,id-incidencia-1.305,incidencia,\"\",\"\",1.1864345,1.1864345,41.2129315,2021/02/05 14:30:00
334,CATALUÑA,B-30,CONGESTION,2021/02/05 14:18:00,ENLLAÇ AMB C-58,B,AMARILLO,11.5,10.0,\"\",BARCELONA,OB102058185,SUR,RETENCION,0,1,41.5030413,id-incidencia-1.334,incidencia,\"\",\"\",2.1225644,2.1225644,41.5030413,2021/02/05 14:30:00
335,CATALUÑA,C-17,CONGESTION,2021/02/05 14:14:00,BARCELONA,B,AMARILLO,17.0,12.5,\"\",BARCELONA,OB102059184,SUR,RETENCION,0,2,41.54282,id-incidencia-1.335,incidencia,\"\",\"\",2.22397,2.22397,41.54282,2021/02/05 14:30:00
336,CATALUÑA,AP-7,OTRAS CAUSAS,2021/02/05 13:57:00,GIRONA,B,VERDE,169.0,169.5,MARTORELL,BARCELONA,OB102059183,NORTE,RETENCION,0,1,41.4712774,id-incidencia-1.336,incidencia,\"\",\"\",1.925768,1.925768,41.4712774,2021/02/05 14:30:00
344,CATALUÑA,AP-7,OTRAS CAUSAS,2021/02/05 14:02:00,AMPOSTA,T,VERDE,294.0,297.0,AMETLLA DE MAR (L'),TARRAGONA,OT102059156,SUR,RETENCION,0,2,40.8866049,id-incidencia-1.344,incidencia,\"\",\"\",0.7993252,0.7993252,40.8866049,2021/02/05 14:30:00
345,CATALUÑA,AP-7,OTRAS CAUSAS,2021/02/05 10:30:00,BARCELONA,T,ROJO,300.5,297.0,AMETLLA DE MAR (L'),TARRAGONA,OT102058163,NORTE,RETENCION,0,5,40.8866049,id-incidencia-1.345,incidencia,\"\",\"\",0.7993252,0.7993252,40.8866049,2021/02/05 14:30:00
